source_node,destination_node
1,690569
1,315892
1,189226
2,834328
2,1615927
2,1194519
2,470294
2,961886
2,626040
3,176995
3,624722
3,412447
3,1263124
3,278432
3,539336
4,6271
4,1859286
5,1646876
5,677005
6,1576703
7,1760879
7,80397
7,778186
8,772194
9,296377
9,1657609
10,31186
11,572660
12,1244587
12,456253
12,708009
13,206036
13,1244435
13,28583
13,1771842
13,1589497
13,731455
13,328678
13,1324981
13,431522
13,531778
13,680313
13,37329
14,382658
15,7462
18,619456
18,316287
18,795106
18,578933
18,1246523
18,1323975
18,984426
18,1003537
18,1468933
18,1688534
18,1269182
18,1753748
18,248374
18,1377966
18,78146
19,254810
19,860701
19,1205150
19,220385
19,401594
20,493028
21,212060
22,57396
24,322832
24,423929
24,1435
24,1310872
25,721394
25,899566
25,604764
25,1465410
25,1068517
25,138314
25,1094367
25,422912
25,788104
25,992602
25,942867
25,1030016
25,1526567
25,95722
25,1860295
25,499524
25,730230
25,177460
25,1199618
25,1229587
25,4067
25,1098536
25,1200994
25,210114
25,1593893
25,1634916
25,1130945
25,958524
25,1625018
25,396162
26,803083
27,1662028
28,1682122
29,720972
30,917075
31,679692
31,742710
31,538636
31,577282
32,1324739
32,214896
32,1116131
33,700696
33,1593284
34,1518929
34,1125104
36,881549
36,1242489
37,575581
37,743846
37,874856
38,1084554
38,926898
38,27623
38,389596
38,1125093
38,811551
38,1070165
38,384225
39,1652563
40,1273789
41,1229344
42,186751
43,406191
44,899392
44,81763
44,826890
44,611366
44,1244292
45,1844351
47,1028853
49,1854076
49,1053836
49,450855
49,527674
49,1206006
49,1819413
49,306893
49,1315486
49,1186111
50,1065918
50,1566117
51,694124
51,262606
51,1060463
52,1524285
53,175439
53,1134531
53,989733
53,1159365
53,1066109
53,321039
53,1141033
53,204553
53,1364025
53,813204
53,528206
53,1611430
53,482808
53,1386771
53,1711782
53,1007233
54,946584
54,867555
54,1757684
54,237014
54,127561
54,766708
54,978393
54,1844797
54,1834300
54,494483
54,1101058
54,761994
54,679014
54,609116
54,577031
54,1786857
54,1194176
54,1130353
54,444771
54,1336174
54,230597
55,279010
55,1007648
55,13589
56,1707687
56,1429792
57,373871
58,916140
59,1389095
59,1778028
60,83366
60,878202
60,1168174
60,296792
61,1685730
61,871534
61,1705344
61,208925
61,1737228
61,1031786
61,1286823
61,260181
61,1408376
61,803963
61,1483341
61,1499185
61,122289
61,1473016
61,1740009
61,89946
61,817445
62,1822914
62,1601368
62,402932
63,268939
63,1788531
63,1630186
63,1330009
63,1765456
63,1382381
63,758777
63,258969
63,1732515
63,732009
63,1168913
63,259286
64,1709106
64,1313246
64,947828
65,602159
65,1812382
65,171318
65,442729
65,76799
65,1705481
65,1119900
65,1156069
65,880042
65,1673827
65,1454964
65,341285
65,1405545
65,557790
65,1774222
65,717601
66,1741841
66,1672048
67,566600
67,451245
67,1541531
68,1752782
68,1045772
69,131924
70,871386
71,746824
71,1854232
71,1575746
71,1315204
71,1674297
71,1300876
71,1105698
72,1756934
73,611306
73,489181
73,217164
73,471806
73,202447
74,1061504
74,1434864
74,1709589
74,1704181
74,370494
74,237909
74,720583
74,1400239
74,142356
74,1576900
74,1481411
75,1145079
75,1247899
75,512330
75,1102064
75,56206
75,13121
76,1183714
78,1400162
79,1595558
79,419087
79,1181051
79,459884
79,1716876
79,253105
79,792819
79,973169
79,348828
79,1444240
79,609109
79,783907
79,906140
79,1041727
79,756378
80,361048
81,1022657
81,997656
81,380597
81,1698750
81,1738080
81,1490625
81,869268
81,719978
81,711543
81,167186
81,276421
81,98471
81,980119
81,1813867
81,1398225
81,1600230
82,611092
82,112566
82,288597
83,1521498
83,19406
83,1768082
83,1711525
84,628304
84,1831501
84,495318
84,344428
84,219656
84,1812006
84,489480
84,1182549
84,946366
84,164496
84,941898
84,447831
84,1362510
84,1354719
84,1498955
84,1125968
84,244887
84,636422
84,751223
84,1354664
84,597299
86,907649
87,1194997
87,1003093
87,109627
87,1854354
87,454942
87,521421
87,1159153
87,508650
87,231172
87,1234791
87,441051
87,3347
87,295799
87,80780
87,1184475
88,201540
89,948959
89,878526
89,1755151
89,1820119
89,412572
89,436243
89,1436178
89,236707
89,874621
89,704901
89,1024220
89,627987
91,800472
93,232270
94,1571211
94,785283
95,236966
96,453195
98,472174
98,1144628
99,237694
99,1723995
99,582267
101,1058638
102,124268
102,429822
102,837022
102,531989
102,793303
104,644509
105,1625115
105,578479
105,566519
105,45974
105,1154097
105,1766921
105,1407805
105,1418762
105,1391542
106,266064
106,1122174
106,1784331
106,1266933
106,237219
107,615816
107,1321486
107,933251
107,486260
108,358350
109,1003858
110,412863
111,184581
111,1519665
111,297069
111,1276690
111,1390248
111,1226594
111,1850951
111,1723555
111,1178224
111,1847174
111,468743
111,524048
111,233077
111,1724509
111,1861931
111,1121338
111,1382582
111,1384121
111,806470
111,1233289
111,1775946
111,1850147
111,648943
111,1273025
111,671541
111,747365
111,175669
112,675562
112,821470
113,547644
115,1270945
116,1394223
117,245746
117,1315537
117,323398
117,259972
117,1618429
117,296239
117,981622
117,1452096
117,185553
117,416110
117,1082885
117,1519107
117,1405921
118,146690
118,707932
119,1495706
119,255000
119,852555
119,809936
119,875039
119,93610
119,86004
119,779396
119,327613
119,1293375
119,261599
120,862294
121,103376
121,487812
121,385535
121,508962
122,1739931
122,862700
122,1405347
122,1500867
122,1171449
122,581797
122,252892
122,1049126
122,1638581
122,1586443
122,1687614
122,1502201
122,113017
122,1032567
122,603098
122,1601261
122,1789585
122,1757805
122,922781
122,721778
122,1646238
122,1163641
122,1418295
123,525674
125,1254433
125,30404
125,1171122
125,344575
125,652927
125,666374
125,671301
125,1824545
125,199458
125,1608293
125,1304583
125,134946
126,193651
127,580880
127,880649
127,1049839
127,1612915
127,1073850
127,178165
128,857471
130,499097
130,282933
130,904365
130,953250
130,202772
130,485035
130,4072
130,1570182
132,1730988
132,482928
132,982571
133,1210717
133,1336080
133,37527
133,819390
133,345681
133,1101843
133,1325424
135,612535
135,593597
135,1166489
135,1746180
135,168795
135,347708
135,36562
135,428269
135,161908
135,717660
135,684382
135,1146696
135,1623787
135,839774
135,100378
135,71740
135,1498540
135,808799
135,1647182
135,1578593
135,1025388
135,1769211
135,956320
135,1643728
135,925682
135,564165
135,951962
135,962111
135,969308
135,607835
135,1832076
135,508098
135,1084361
135,618863
135,1646757
135,1617835
135,250674
135,1465671
135,491567
135,740672
135,1231569
135,953125
135,242147
135,1835285
135,1844669
135,822004
135,506857
136,433374
136,1527751
136,1222229
136,1541805
136,1483192
136,1721537
136,61698
136,1427267
136,754689
136,1146329
137,1768787
138,479543
138,1007606
139,1102059
139,1364631
140,1122310
140,100170
140,625577
141,368227
142,694465
142,1068238
143,1608536
143,29868
143,30678
143,20832
143,385744
143,1003694
143,1784446
143,283299
143,1579486
145,1790320
146,44123
146,1804972
146,882846
146,1829224
147,775423
147,1065996
148,1315276
148,1165746
148,143737
148,1773940
148,679568
149,1165815
150,1455822
151,1741895
152,1319086
152,629024
152,150431
152,1760659
152,1536764
152,588919
152,376997
152,1675448
152,936670
153,527826
153,166580
153,626388
153,1045001
154,1273853
154,962460
154,93121
154,1304780
154,380280
154,736969
154,767212
154,591467
154,1857731
154,27544
154,1812401
154,652098
154,1823990
154,813453
154,1714716
154,296977
154,1739769
154,248243
154,1359304
154,280203
154,26862
154,496603
154,1030041
154,1088677
154,371906
154,745099
154,1269699
154,1622333
154,1534571
154,830762
154,667918
154,234148
154,1692748
154,1271971
154,908717
154,505050
154,1081991
155,611954
155,990325
155,1594405
155,391505
155,1259916
155,50571
156,332995
156,1474531
156,1709921
156,1118944
156,1164808
156,1365638
157,1110246
159,217322
160,873150
160,504273
160,935558
160,1080124
160,1065503
160,1223149
161,612043
161,1542729
163,1579539
163,1614761
163,1772229
163,1746941
163,742658
163,928359
163,705565
163,1533384
163,315604
163,810753
163,1294153
164,1478790
164,1188073
164,1847742
165,139728
166,1281467
166,536060
166,663272
167,597139
168,952523
168,1063176
168,204709
168,942370
168,1608317
168,1149931
168,1166908
170,930854
170,177989
170,789700
170,1778092
170,509793
170,1861582
170,1252327
170,1672986
170,705856
170,676802
170,545836
170,358857
171,652545
171,495157
171,956716
171,1784396
171,665233
171,1773998
171,124205
171,1686016
171,167372
171,1072213
171,1210546
171,382635
171,391144
171,1405597
171,1622184
171,429565
171,1262028
171,651379
171,1131806
171,183303
171,1730708
171,255580
171,597356
171,1071272
171,143917
171,1170552
171,1471278
171,1756610
171,127181
171,1571476
171,1267832
171,1825254
171,927274
171,912681
171,799586
171,187805
171,1400484
171,864239
172,4769
172,906059
172,372997
172,1208963
172,346991
172,1172153
172,161309
172,200086
172,642842
172,153393
172,625473
172,1453902
172,703254
172,1591526
172,94719
172,1851039
172,1556441
172,1359168
172,1233403
172,891719
174,1454201
175,262454
175,945369
175,979716
176,1410138
177,1337513
178,185820
178,31865
178,336157
179,1483220
179,271130
179,1084031
179,861489
179,781383
179,1228513
179,1567328
179,96588
179,1497030
179,462643
179,330270
179,1786977
179,310769
179,232801
179,1503576
179,486560
179,707486
179,934657
179,529357
180,1272584
181,541439
181,337912
181,409469
181,446899
181,1673573
182,24725
182,1418688
183,455180
185,1357074
186,1265993
186,327167
186,711951
186,83430
186,1442515
186,311232
186,974920
186,699686
186,236128
186,388013
186,1631284
186,1458006
188,153986
189,1749543
190,64429
190,1048960
190,526223
190,1289987
190,271006
190,1285203
191,683870
191,585770
191,1157784
191,1414695
191,572524
192,1009108
192,576042
192,1193622
192,1519661
192,1032428
192,1566459
192,1152050
192,1370403
192,377436
192,1725345
192,395920
192,1272965
192,135660
192,13971
192,656285
192,128661
192,1466700
192,1289600
192,1524820
192,144188
192,1654697
193,6569
193,1677350
193,1026303
193,479169
193,1611937
193,1571677
193,1153484
193,704075
193,781535
193,659531
193,1760872
194,1561139
195,316120
195,667575
197,1682373
197,500407
197,1125507
197,1423204
197,257310
197,916907
198,1186809
199,157525
200,860695
201,625238
202,684918
202,1759109
202,1127522
202,427502
203,1388870
203,974831
203,1628507
203,252539
203,917890
204,119966
204,541063
205,1006837
205,946356
205,66945
205,1469189
206,964836
206,1559022
206,1353017
206,1075632
206,1467586
206,1058463
206,292683
207,848686
207,1468946
207,1086203
207,495569
207,229654
207,1668614
207,55206
208,779848
209,1605441
209,1680525
209,766605
209,1532595
209,1677577
211,479718
211,771626
211,854473
211,888971
211,1791428
211,1376720
211,1605669
211,1562874
211,319655
211,1756947
212,1145629
212,791075
212,404628
212,137141
212,1691472
213,1650053
213,1850048
213,479034
213,1365529
213,1709815
214,595373
214,837744
214,472064
214,290758
214,838744
214,1383691
214,23720
214,929669
214,271427
215,1310257
216,1780520
216,29376
216,1352408
216,18447
216,385559
216,850654
216,863514
216,1239300
216,995717
216,1805592
216,1216771
216,1198938
216,530173
216,1287580
